split,subset,rule,n,unsat,sat,withheld,fc,fr,reported,withheld_rate,FCR,FRR,p_fc_vs_dispatch,p_fr_vs_dispatch,fixed_vs_pre,broken_vs_pre,p_vs_pre,pre_fc,pre_fr,full_better,ablated_better,p_vs_full
design,all,dispatch_only,38,23,15,0,23,0,38,"0/23=0.00 W[0.00,0.14] CP[0.00,0.15]","23/38=0.61 W[0.45,0.74] CP[0.43,0.76]","0/15=0.00 W[0.00,0.20] CP[0.00,0.22]",,,,,,,,,,
design,all,gate,38,23,15,20,3,1,17,"20/23=0.87 W[0.68,0.95] CP[0.66,0.97]","3/17=0.18 W[0.06,0.41] CP[0.04,0.43]","1/15=0.07 W[0.01,0.30] CP[0.00,0.32]",1.9073486328125e-06,1.0,7,0,0.015625,8,3,,,
design,all,gate_live_verbose,38,23,15,20,3,1,17,"20/23=0.87 W[0.68,0.95] CP[0.66,0.97]","3/17=0.18 W[0.06,0.41] CP[0.04,0.43]","1/15=0.07 W[0.01,0.30] CP[0.00,0.32]",1.9073486328125e-06,1.0,9,0,0.00390625,10,3,,,
design,captcha,dispatch_only,6,4,2,0,4,0,6,"0/4=0.00 W[0.00,0.49] CP[0.00,0.60]","4/6=0.67 W[0.30,0.90] CP[0.22,0.96]","0/2=0.00 W[0.00,0.66] CP[0.00,0.84]",,,,,,,,,,
design,captcha,gate,6,4,2,3,1,0,3,"3/4=0.75 W[0.30,0.95] CP[0.19,0.99]","1/3=0.33 W[0.06,0.79] CP[0.01,0.91]","0/2=0.00 W[0.00,0.66] CP[0.00,0.84]",,,,,,,,,,
design,captcha,gate_live_verbose,6,4,2,3,1,0,3,"3/4=0.75 W[0.30,0.95] CP[0.19,0.99]","1/3=0.33 W[0.06,0.79] CP[0.01,0.91]","0/2=0.00 W[0.00,0.66] CP[0.00,0.84]",,,,,,,,,,
design,extraction,dispatch_only,7,4,3,0,4,0,7,"0/4=0.00 W[0.00,0.49] CP[0.00,0.60]","4/7=0.57 W[0.25,0.84] CP[0.18,0.90]","0/3=0.00 W[0.00,0.56] CP[0.00,0.71]",,,,,,,,,,
design,extraction,gate,7,4,3,4,0,1,2,"4/4=1.00 W[0.51,1.00] CP[0.40,1.00]","0/2=0.00 W[0.00,0.66] CP[0.00,0.84]","1/3=0.33 W[0.06,0.79] CP[0.01,0.91]",,,,,,,,,,
design,extraction,gate_live_verbose,7,4,3,4,0,1,2,"4/4=1.00 W[0.51,1.00] CP[0.40,1.00]","0/2=0.00 W[0.00,0.66] CP[0.00,0.84]","1/3=0.33 W[0.06,0.79] CP[0.01,0.91]",,,,,,,,,,
design,multi_step,dispatch_only,4,2,2,0,2,0,4,"0/2=0.00 W[0.00,0.66] CP[0.00,0.84]","2/4=0.50 W[0.15,0.85] CP[0.07,0.93]","0/2=0.00 W[0.00,0.66] CP[0.00,0.84]",,,,,,,,,,
design,multi_step,gate,4,2,2,1,1,0,3,"1/2=0.50 W[0.09,0.91] CP[0.01,0.99]","1/3=0.33 W[0.06,0.79] CP[0.01,0.91]","0/2=0.00 W[0.00,0.66] CP[0.00,0.84]",,,,,,,,,,
design,multi_step,gate_live_verbose,4,2,2,1,1,0,3,"1/2=0.50 W[0.09,0.91] CP[0.01,0.99]","1/3=0.33 W[0.06,0.79] CP[0.01,0.91]","0/2=0.00 W[0.00,0.66] CP[0.00,0.84]",,,,,,,,,,
design,navigation,dispatch_only,8,6,2,0,6,0,8,"0/6=0.00 W[0.00,0.39] CP[0.00,0.46]","6/8=0.75 W[0.41,0.93] CP[0.35,0.97]","0/2=0.00 W[0.00,0.66] CP[0.00,0.84]",,,,,,,,,,
design,navigation,gate,8,6,2,5,1,0,3,"5/6=0.83 W[0.44,0.97] CP[0.36,1.00]","1/3=0.33 W[0.06,0.79] CP[0.01,0.91]","0/2=0.00 W[0.00,0.66] CP[0.00,0.84]",,,,,,,,,,
design,navigation,gate_live_verbose,8,6,2,5,1,0,3,"5/6=0.83 W[0.44,0.97] CP[0.36,1.00]","1/3=0.33 W[0.06,0.79] CP[0.01,0.91]","0/2=0.00 W[0.00,0.66] CP[0.00,0.84]",,,,,,,,,,
design,search,dispatch_only,7,4,3,0,4,0,7,"0/4=0.00 W[0.00,0.49] CP[0.00,0.60]","4/7=0.57 W[0.25,0.84] CP[0.18,0.90]","0/3=0.00 W[0.00,0.56] CP[0.00,0.71]",,,,,,,,,,
design,search,gate,7,4,3,4,0,0,3,"4/4=1.00 W[0.51,1.00] CP[0.40,1.00]","0/3=0.00 W[0.00,0.56] CP[0.00,0.71]","0/3=0.00 W[0.00,0.56] CP[0.00,0.71]",,,,,,,,,,
design,search,gate_live_verbose,7,4,3,4,0,0,3,"4/4=1.00 W[0.51,1.00] CP[0.40,1.00]","0/3=0.00 W[0.00,0.56] CP[0.00,0.71]","0/3=0.00 W[0.00,0.56] CP[0.00,0.71]",,,,,,,,,,
design,text_entry,dispatch_only,6,3,3,0,3,0,6,"0/3=0.00 W[0.00,0.56] CP[0.00,0.71]","3/6=0.50 W[0.19,0.81] CP[0.12,0.88]","0/3=0.00 W[0.00,0.56] CP[0.00,0.71]",,,,,,,,,,
design,text_entry,gate,6,3,3,3,0,0,3,"3/3=1.00 W[0.44,1.00] CP[0.29,1.00]","0/3=0.00 W[0.00,0.56] CP[0.00,0.71]","0/3=0.00 W[0.00,0.56] CP[0.00,0.71]",,,,,,,,,,
design,text_entry,gate_live_verbose,6,3,3,3,0,0,3,"3/3=1.00 W[0.44,1.00] CP[0.29,1.00]","0/3=0.00 W[0.00,0.56] CP[0.00,0.71]","0/3=0.00 W[0.00,0.56] CP[0.00,0.71]",,,,,,,,,,
held_out,all,dispatch_only,12,5,7,0,5,0,12,"0/5=0.00 W[0.00,0.43] CP[0.00,0.52]","5/12=0.42 W[0.19,0.68] CP[0.15,0.72]","0/7=0.00 W[0.00,0.35] CP[0.00,0.41]",,,,,,,,,,
held_out,all,gate,12,5,7,2,3,1,9,"2/5=0.40 W[0.12,0.77] CP[0.05,0.85]","3/9=0.33 W[0.12,0.65] CP[0.07,0.70]","1/7=0.14 W[0.03,0.51] CP[0.00,0.58]",0.5,1.0,1,0,1.0,4,1,,,
held_out,all,gate_live_verbose,12,5,7,2,3,1,9,"2/5=0.40 W[0.12,0.77] CP[0.05,0.85]","3/9=0.33 W[0.12,0.65] CP[0.07,0.70]","1/7=0.14 W[0.03,0.51] CP[0.00,0.58]",0.5,1.0,1,0,1.0,4,1,,,
held_out,captcha,dispatch_only,2,1,1,0,1,0,2,"0/1=0.00 W[0.00,0.79] CP[0.00,0.98]","1/2=0.50 W[0.09,0.91] CP[0.01,0.99]","0/1=0.00 W[0.00,0.79] CP[0.00,0.98]",,,,,,,,,,
held_out,captcha,gate,2,1,1,1,0,1,0,"1/1=1.00 W[0.21,1.00] CP[0.02,1.00]",--,"1/1=1.00 W[0.21,1.00] CP[0.02,1.00]",,,,,,,,,,
held_out,captcha,gate_live_verbose,2,1,1,1,0,1,0,"1/1=1.00 W[0.21,1.00] CP[0.02,1.00]",--,"1/1=1.00 W[0.21,1.00] CP[0.02,1.00]",,,,,,,,,,
held_out,extraction,dispatch_only,2,1,1,0,1,0,2,"0/1=0.00 W[0.00,0.79] CP[0.00,0.98]","1/2=0.50 W[0.09,0.91] CP[0.01,0.99]","0/1=0.00 W[0.00,0.79] CP[0.00,0.98]",,,,,,,,,,
held_out,extraction,gate,2,1,1,0,1,0,2,"0/1=0.00 W[0.00,0.79] CP[0.00,0.98]","1/2=0.50 W[0.09,0.91] CP[0.01,0.99]","0/1=0.00 W[0.00,0.79] CP[0.00,0.98]",,,,,,,,,,
held_out,extraction,gate_live_verbose,2,1,1,0,1,0,2,"0/1=0.00 W[0.00,0.79] CP[0.00,0.98]","1/2=0.50 W[0.09,0.91] CP[0.01,0.99]","0/1=0.00 W[0.00,0.79] CP[0.00,0.98]",,,,,,,,,,
held_out,multi_step,dispatch_only,1,0,1,0,0,0,1,--,"0/1=0.00 W[0.00,0.79] CP[0.00,0.98]","0/1=0.00 W[0.00,0.79] CP[0.00,0.98]",,,,,,,,,,
held_out,multi_step,gate,1,0,1,0,0,0,1,--,"0/1=0.00 W[0.00,0.79] CP[0.00,0.98]","0/1=0.00 W[0.00,0.79] CP[0.00,0.98]",,,,,,,,,,
held_out,multi_step,gate_live_verbose,1,0,1,0,0,0,1,--,"0/1=0.00 W[0.00,0.79] CP[0.00,0.98]","0/1=0.00 W[0.00,0.79] CP[0.00,0.98]",,,,,,,,,,
held_out,navigation,dispatch_only,3,2,1,0,2,0,3,"0/2=0.00 W[0.00,0.66] CP[0.00,0.84]","2/3=0.67 W[0.21,0.94] CP[0.09,0.99]","0/1=0.00 W[0.00,0.79] CP[0.00,0.98]",,,,,,,,,,
held_out,navigation,gate,3,2,1,1,1,0,2,"1/2=0.50 W[0.09,0.91] CP[0.01,0.99]","1/2=0.50 W[0.09,0.91] CP[0.01,0.99]","0/1=0.00 W[0.00,0.79] CP[0.00,0.98]",,,,,,,,,,
held_out,navigation,gate_live_verbose,3,2,1,1,1,0,2,"1/2=0.50 W[0.09,0.91] CP[0.01,0.99]","1/2=0.50 W[0.09,0.91] CP[0.01,0.99]","0/1=0.00 W[0.00,0.79] CP[0.00,0.98]",,,,,,,,,,
held_out,search,dispatch_only,2,1,1,0,1,0,2,"0/1=0.00 W[0.00,0.79] CP[0.00,0.98]","1/2=0.50 W[0.09,0.91] CP[0.01,0.99]","0/1=0.00 W[0.00,0.79] CP[0.00,0.98]",,,,,,,,,,
held_out,search,gate,2,1,1,0,1,0,2,"0/1=0.00 W[0.00,0.79] CP[0.00,0.98]","1/2=0.50 W[0.09,0.91] CP[0.01,0.99]","0/1=0.00 W[0.00,0.79] CP[0.00,0.98]",,,,,,,,,,
held_out,search,gate_live_verbose,2,1,1,0,1,0,2,"0/1=0.00 W[0.00,0.79] CP[0.00,0.98]","1/2=0.50 W[0.09,0.91] CP[0.01,0.99]","0/1=0.00 W[0.00,0.79] CP[0.00,0.98]",,,,,,,,,,
held_out,text_entry,dispatch_only,2,0,2,0,0,0,2,--,"0/2=0.00 W[0.00,0.66] CP[0.00,0.84]","0/2=0.00 W[0.00,0.66] CP[0.00,0.84]",,,,,,,,,,
held_out,text_entry,gate,2,0,2,0,0,0,2,--,"0/2=0.00 W[0.00,0.66] CP[0.00,0.84]","0/2=0.00 W[0.00,0.66] CP[0.00,0.84]",,,,,,,,,,
held_out,text_entry,gate_live_verbose,2,0,2,0,0,0,2,--,"0/2=0.00 W[0.00,0.66] CP[0.00,0.84]","0/2=0.00 W[0.00,0.66] CP[0.00,0.84]",,,,,,,,,,
held_out_2,all,dispatch_only,42,22,20,0,22,0,42,"0/22=0.00 W[0.00,0.15] CP[0.00,0.15]","22/42=0.52 W[0.38,0.67] CP[0.36,0.68]","0/20=0.00 W[0.00,0.16] CP[0.00,0.17]",,,,,,,,,,
held_out_2,all,gate,42,22,20,9,13,1,32,"9/22=0.41 W[0.23,0.61] CP[0.21,0.64]","13/32=0.41 W[0.26,0.58] CP[0.24,0.59]","1/20=0.05 W[0.01,0.24] CP[0.00,0.25]",0.00390625,1.0,,,,,,,,
held_out_2,all,gate_live_verbose,42,22,20,9,13,1,32,"9/22=0.41 W[0.23,0.61] CP[0.21,0.64]","13/32=0.41 W[0.26,0.58] CP[0.24,0.59]","1/20=0.05 W[0.01,0.24] CP[0.00,0.25]",0.00390625,1.0,,,,,,,,
held_out_2,captcha,dispatch_only,6,4,2,0,4,0,6,"0/4=0.00 W[0.00,0.49] CP[0.00,0.60]","4/6=0.67 W[0.30,0.90] CP[0.22,0.96]","0/2=0.00 W[0.00,0.66] CP[0.00,0.84]",,,,,,,,,,
held_out_2,captcha,gate,6,4,2,3,1,1,2,"3/4=0.75 W[0.30,0.95] CP[0.19,0.99]","1/2=0.50 W[0.09,0.91] CP[0.01,0.99]","1/2=0.50 W[0.09,0.91] CP[0.01,0.99]",,,,,,,,,,
held_out_2,captcha,gate_live_verbose,6,4,2,3,1,1,2,"3/4=0.75 W[0.30,0.95] CP[0.19,0.99]","1/2=0.50 W[0.09,0.91] CP[0.01,0.99]","1/2=0.50 W[0.09,0.91] CP[0.01,0.99]",,,,,,,,,,
held_out_2,extraction,dispatch_only,10,5,5,0,5,0,10,"0/5=0.00 W[0.00,0.43] CP[0.00,0.52]","5/10=0.50 W[0.24,0.76] CP[0.19,0.81]","0/5=0.00 W[0.00,0.43] CP[0.00,0.52]",,,,,,,,,,
held_out_2,extraction,gate,10,5,5,0,5,0,10,"0/5=0.00 W[0.00,0.43] CP[0.00,0.52]","5/10=0.50 W[0.24,0.76] CP[0.19,0.81]","0/5=0.00 W[0.00,0.43] CP[0.00,0.52]",,,,,,,,,,
held_out_2,extraction,gate_live_verbose,10,5,5,0,5,0,10,"0/5=0.00 W[0.00,0.43] CP[0.00,0.52]","5/10=0.50 W[0.24,0.76] CP[0.19,0.81]","0/5=0.00 W[0.00,0.43] CP[0.00,0.52]",,,,,,,,,,
held_out_2,multi_step,dispatch_only,6,3,3,0,3,0,6,"0/3=0.00 W[0.00,0.56] CP[0.00,0.71]","3/6=0.50 W[0.19,0.81] CP[0.12,0.88]","0/3=0.00 W[0.00,0.56] CP[0.00,0.71]",,,,,,,,,,
held_out_2,multi_step,gate,6,3,3,2,1,0,4,"2/3=0.67 W[0.21,0.94] CP[0.09,0.99]","1/4=0.25 W[0.05,0.70] CP[0.01,0.81]","0/3=0.00 W[0.00,0.56] CP[0.00,0.71]",,,,,,,,,,
held_out_2,multi_step,gate_live_verbose,6,3,3,2,1,0,4,"2/3=0.67 W[0.21,0.94] CP[0.09,0.99]","1/4=0.25 W[0.05,0.70] CP[0.01,0.81]","0/3=0.00 W[0.00,0.56] CP[0.00,0.71]",,,,,,,,,,
held_out_2,navigation,dispatch_only,8,4,4,0,4,0,8,"0/4=0.00 W[0.00,0.49] CP[0.00,0.60]","4/8=0.50 W[0.22,0.78] CP[0.16,0.84]","0/4=0.00 W[0.00,0.49] CP[0.00,0.60]",,,,,,,,,,
held_out_2,navigation,gate,8,4,4,1,3,0,7,"1/4=0.25 W[0.05,0.70] CP[0.01,0.81]","3/7=0.43 W[0.16,0.75] CP[0.10,0.82]","0/4=0.00 W[0.00,0.49] CP[0.00,0.60]",,,,,,,,,,
held_out_2,navigation,gate_live_verbose,8,4,4,1,3,0,7,"1/4=0.25 W[0.05,0.70] CP[0.01,0.81]","3/7=0.43 W[0.16,0.75] CP[0.10,0.82]","0/4=0.00 W[0.00,0.49] CP[0.00,0.60]",,,,,,,,,,
held_out_2,search,dispatch_only,6,3,3,0,3,0,6,"0/3=0.00 W[0.00,0.56] CP[0.00,0.71]","3/6=0.50 W[0.19,0.81] CP[0.12,0.88]","0/3=0.00 W[0.00,0.56] CP[0.00,0.71]",,,,,,,,,,
held_out_2,search,gate,6,3,3,2,1,0,4,"2/3=0.67 W[0.21,0.94] CP[0.09,0.99]","1/4=0.25 W[0.05,0.70] CP[0.01,0.81]","0/3=0.00 W[0.00,0.56] CP[0.00,0.71]",,,,,,,,,,
held_out_2,search,gate_live_verbose,6,3,3,2,1,0,4,"2/3=0.67 W[0.21,0.94] CP[0.09,0.99]","1/4=0.25 W[0.05,0.70] CP[0.01,0.81]","0/3=0.00 W[0.00,0.56] CP[0.00,0.71]",,,,,,,,,,
held_out_2,text_entry,dispatch_only,6,3,3,0,3,0,6,"0/3=0.00 W[0.00,0.56] CP[0.00,0.71]","3/6=0.50 W[0.19,0.81] CP[0.12,0.88]","0/3=0.00 W[0.00,0.56] CP[0.00,0.71]",,,,,,,,,,
held_out_2,text_entry,gate,6,3,3,1,2,0,5,"1/3=0.33 W[0.06,0.79] CP[0.01,0.91]","2/5=0.40 W[0.12,0.77] CP[0.05,0.85]","0/3=0.00 W[0.00,0.56] CP[0.00,0.71]",,,,,,,,,,
held_out_2,text_entry,gate_live_verbose,6,3,3,1,2,0,5,"1/3=0.33 W[0.06,0.79] CP[0.01,0.91]","2/5=0.40 W[0.12,0.77] CP[0.05,0.85]","0/3=0.00 W[0.00,0.56] CP[0.00,0.71]",,,,,,,,,,
design,all,ablation_without_E,38,23,15,15,8,1,22,"15/23=0.65 W[0.45,0.81] CP[0.43,0.84]","8/22=0.36 W[0.20,0.57] CP[0.17,0.59]","1/15=0.07 W[0.01,0.30] CP[0.00,0.32]",,,,,,,,5,0,0.0625
design,all,ablation_without_H,38,23,15,16,7,1,21,"16/23=0.70 W[0.49,0.84] CP[0.47,0.87]","7/21=0.33 W[0.17,0.55] CP[0.15,0.57]","1/15=0.07 W[0.01,0.30] CP[0.00,0.32]",,,,,,,,4,0,0.125
design,all,ablation_without_Q,38,23,15,19,4,1,18,"19/23=0.83 W[0.63,0.93] CP[0.61,0.95]","4/18=0.22 W[0.09,0.45] CP[0.06,0.48]","1/15=0.07 W[0.01,0.30] CP[0.00,0.32]",,,,,,,,1,0,1.0
design,all,ablation_without_T,38,23,15,17,6,1,20,"17/23=0.74 W[0.54,0.87] CP[0.52,0.90]","6/20=0.30 W[0.15,0.52] CP[0.12,0.54]","1/15=0.07 W[0.01,0.30] CP[0.00,0.32]",,,,,,,,3,0,0.25
design,all,ablation_without_X,38,23,15,17,6,0,21,"17/23=0.74 W[0.54,0.87] CP[0.52,0.90]","6/21=0.29 W[0.14,0.50] CP[0.11,0.52]","0/15=0.00 W[0.00,0.20] CP[0.00,0.22]",,,,,,,,3,1,0.625
design,all,ablation_without_R,38,23,15,19,4,1,18,"19/23=0.83 W[0.63,0.93] CP[0.61,0.95]","4/18=0.22 W[0.09,0.45] CP[0.06,0.48]","1/15=0.07 W[0.01,0.30] CP[0.00,0.32]",,,,,,,,1,0,1.0
design,all,ablation_without_B,38,23,15,18,5,1,19,"18/23=0.78 W[0.58,0.90] CP[0.56,0.93]","5/19=0.26 W[0.12,0.49] CP[0.09,0.51]","1/15=0.07 W[0.01,0.30] CP[0.00,0.32]",,,,,,,,2,0,0.5
held_out,all,ablation_without_E,12,5,7,1,4,1,10,"1/5=0.20 W[0.04,0.62] CP[0.01,0.72]","4/10=0.40 W[0.17,0.69] CP[0.12,0.74]","1/7=0.14 W[0.03,0.51] CP[0.00,0.58]",,,,,,,,1,0,1.0
held_out,all,ablation_without_H,12,5,7,2,3,1,9,"2/5=0.40 W[0.12,0.77] CP[0.05,0.85]","3/9=0.33 W[0.12,0.65] CP[0.07,0.70]","1/7=0.14 W[0.03,0.51] CP[0.00,0.58]",,,,,,,,0,0,1.0
held_out,all,ablation_without_Q,12,5,7,2,3,1,9,"2/5=0.40 W[0.12,0.77] CP[0.05,0.85]","3/9=0.33 W[0.12,0.65] CP[0.07,0.70]","1/7=0.14 W[0.03,0.51] CP[0.00,0.58]",,,,,,,,0,0,1.0
held_out,all,ablation_without_T,12,5,7,2,3,1,9,"2/5=0.40 W[0.12,0.77] CP[0.05,0.85]","3/9=0.33 W[0.12,0.65] CP[0.07,0.70]","1/7=0.14 W[0.03,0.51] CP[0.00,0.58]",,,,,,,,0,0,1.0
held_out,all,ablation_without_X,12,5,7,2,3,1,9,"2/5=0.40 W[0.12,0.77] CP[0.05,0.85]","3/9=0.33 W[0.12,0.65] CP[0.07,0.70]","1/7=0.14 W[0.03,0.51] CP[0.00,0.58]",,,,,,,,0,0,1.0
held_out,all,ablation_without_R,12,5,7,2,3,1,9,"2/5=0.40 W[0.12,0.77] CP[0.05,0.85]","3/9=0.33 W[0.12,0.65] CP[0.07,0.70]","1/7=0.14 W[0.03,0.51] CP[0.00,0.58]",,,,,,,,0,0,1.0
held_out,all,ablation_without_B,12,5,7,1,4,0,11,"1/5=0.20 W[0.04,0.62] CP[0.01,0.72]","4/11=0.36 W[0.15,0.65] CP[0.11,0.69]","0/7=0.00 W[0.00,0.35] CP[0.00,0.41]",,,,,,,,1,1,1.0
held_out_2,all,ablation_without_E,42,22,20,8,14,1,33,"8/22=0.36 W[0.20,0.57] CP[0.17,0.59]","14/33=0.42 W[0.27,0.59] CP[0.25,0.61]","1/20=0.05 W[0.01,0.24] CP[0.00,0.25]",,,,,,,,1,0,1.0
held_out_2,all,ablation_without_H,42,22,20,7,15,1,34,"7/22=0.32 W[0.16,0.53] CP[0.14,0.55]","15/34=0.44 W[0.29,0.61] CP[0.27,0.62]","1/20=0.05 W[0.01,0.24] CP[0.00,0.25]",,,,,,,,2,0,0.5
held_out_2,all,ablation_without_Q,42,22,20,9,13,1,32,"9/22=0.41 W[0.23,0.61] CP[0.21,0.64]","13/32=0.41 W[0.26,0.58] CP[0.24,0.59]","1/20=0.05 W[0.01,0.24] CP[0.00,0.25]",,,,,,,,0,0,1.0
held_out_2,all,ablation_without_T,42,22,20,8,14,1,33,"8/22=0.36 W[0.20,0.57] CP[0.17,0.59]","14/33=0.42 W[0.27,0.59] CP[0.25,0.61]","1/20=0.05 W[0.01,0.24] CP[0.00,0.25]",,,,,,,,1,0,1.0
held_out_2,all,ablation_without_X,42,22,20,9,13,1,32,"9/22=0.41 W[0.23,0.61] CP[0.21,0.64]","13/32=0.41 W[0.26,0.58] CP[0.24,0.59]","1/20=0.05 W[0.01,0.24] CP[0.00,0.25]",,,,,,,,0,0,1.0
held_out_2,all,ablation_without_R,42,22,20,7,15,1,34,"7/22=0.32 W[0.16,0.53] CP[0.14,0.55]","15/34=0.44 W[0.29,0.61] CP[0.27,0.62]","1/20=0.05 W[0.01,0.24] CP[0.00,0.25]",,,,,,,,2,0,0.5
held_out_2,all,ablation_without_B,42,22,20,7,15,0,35,"7/22=0.32 W[0.16,0.53] CP[0.14,0.55]","15/35=0.43 W[0.28,0.59] CP[0.26,0.61]","0/20=0.00 W[0.00,0.16] CP[0.00,0.17]",,,,,,,,2,1,1.0
