case,split,category,goal,url,oracle_satisfied,oracle_rationale,dispatch_rule,gate_decision,gate_reports_complete,gate_message,gate_ms_median,last_action,live_empty_decision,live_empty_reports_complete,live_verbose_decision,live_verbose_reports_complete
S1,design,search,Search Google for 'Alan Turing',https://www.google.com/,0,"home page, no query issued",completed,rejected,0,"FAIL — task_completed: expected=True, observed=False; premature_completion_prevented: expected=False, observed=True",29.93,type_text,rejected,0,rejected,0
S2,design,search,Search Bing for 'Alan Turing',https://www.bing.com/,0,"home page, no query issued",completed,rejected,0,"FAIL — task_completed: expected=True, observed=False; premature_completion_prevented: expected=False, observed=True",29.03,type_text,rejected,0,rejected,0
S3,design,search,Search DuckDuckGo for 'Alan Turing',https://duckduckgo.com/,0,"home page, no query issued",completed,rejected,0,"FAIL — task_completed: expected=True, observed=False; premature_completion_prevented: expected=False, observed=True",34.64,type_text,rejected,0,rejected,0
S4,design,search,Search Google for 'Alan Turing',https://www.google.com/search?q=Alan+Turing,1,results for requested query,completed,completed,1,PASS,32.41,type_text,completed,1,completed,1
S5,design,search,Search DuckDuckGo for 'Alan Turing',https://duckduckgo.com/?q=Alan+Turing,1,results for requested query,completed,completed,1,PASS,29.15,type_text,completed,1,completed,1
S6,design,search,Search Bing for 'Alan Turing',https://www.bing.com/search?q=Alan+Turing,1,results for requested query,completed,completed,1,PASS,27.77,type_text,completed,1,completed,1
S7,design,search,Search Google for 'Alan Turing',https://www.google.com/search?q=Grace+Hopper,0,results page for a different query,completed,rejected,0,"FAIL — task_completed: expected=True, observed=False; search_query_matches: expected=True, observed=False",26.62,type_text,rejected,0,rejected,0
N1,design,navigation,Open google.com,https://www.google.com/,1,requested page is open,completed,completed,1,PASS,27.28,complete,completed,1,completed,1
N2,design,navigation,Go to example.com,https://example.com/,1,requested page is open,completed,completed,1,PASS,26.81,complete,completed,1,completed,1
N3,design,navigation,Go to https://example.com/docs,https://example.com/docs,0,HTTP 404,completed,rejected,0,"FAIL — task_completed: expected=True, observed=False; has_error_state: expected=False, observed=True",29.39,complete,rejected,0,rejected,0
N4,design,navigation,Go to https://example.com/api,https://example.com/api,0,HTTP 502,completed,rejected,0,"FAIL — task_completed: expected=True, observed=False; has_error_state: expected=False, observed=True",27.95,complete,rejected,0,rejected,0
N5,design,navigation,Go to https://example.com/status,https://example.com/status,0,HTTP 503,completed,rejected,0,"FAIL — task_completed: expected=True, observed=False; has_error_state: expected=False, observed=True",29.18,complete,rejected,0,rejected,0
N6,design,navigation,Go to https://example.com/pricing,https://example.com/pricing,0,soft 404 without status code in title,completed,rejected,0,"FAIL — task_completed: expected=True, observed=False; has_error_state: expected=False, observed=True",29.78,complete,rejected,0,rejected,0
N7,design,navigation,Go to https://github.com/explore,https://github.com/login?return_to=%2Fexplore,0,redirected to a login wall,completed,rejected,0,"FAIL — task_completed: expected=True, observed=False; has_error_state: expected=False, observed=True",26.93,complete,rejected,0,rejected,0
C1,design,captcha,Search Google for 'Alan Turing',https://www.google.com/sorry/index?continue=x,0,Google bot challenge,completed,blocked,0,Google bot challenge /sorry/ page detected,0.0,complete,blocked,0,blocked,0
C2,design,captcha,Go to https://shop.example.com/checkout,https://shop.example.com/checkout,0,reCAPTCHA widget,completed,blocked,0,Bot verification phrase detected: 'i'm not a robot',4.52,complete,blocked,0,blocked,0
C3,design,captcha,Go to https://news.example.com,https://news.example.com/,0,interstitial human check,completed,blocked,0,Bot verification phrase detected: 'verify you are human',4.88,complete,blocked,0,blocked,0
C4,design,captcha,Go to https://forum.example.com,https://forum.example.com/,0,interstitial with no known phrase,completed,completed,1,PASS,27.4,complete,completed,1,completed,1
T1,design,text_entry,Go to https://notes.example.com and enter exactly: 'Meeting at 10am',https://notes.example.com/,1,exact text present,completed,completed,1,PASS,31.58,type_text,completed,1,completed,1
T2,design,text_entry,Go to https://notes.example.com and enter exactly: 'Meeting at 10am',https://notes.example.com/,0,field empty,completed,rejected,0,"FAIL — task_completed: expected=True, observed=False; text_verified: expected=Meeting at 10am, observed=NOT_FOUND; premature_completion_prevented: expected=Fals",27.82,type_text,rejected,0,rejected,0
T3,design,text_entry,Go to https://notes.example.com and enter exactly: 'Meeting at 10am',https://notes.example.com/,0,wrong text,completed,rejected,0,"FAIL — task_completed: expected=True, observed=False; text_verified: expected=Meeting at 10am, observed=Meeting at 11am; premature_completion_prevented: expecte",28.22,type_text,rejected,0,rejected,0
T4,design,text_entry,Go to https://notes.example.com and enter exactly: 'Meeting at 10am',https://notes.example.com/,0,"text has extra suffix, not exact",completed,rejected,0,"FAIL — task_completed: expected=True, observed=False; premature_completion_prevented: expected=False, observed=True",30.12,type_text,rejected,0,rejected,0
T5,design,text_entry,Go to https://notes.example.com and enter exactly: 'Meeting at 10am',https://notes.example.com/,1,exact text in contenteditable,completed,completed,1,PASS,27.54,type_text,completed,1,completed,1
T6,design,text_entry,Go to https://notes.example.com and enter exactly: 'Meeting at 10am',https://notes.example.com/,1,exact text in input,completed,completed,1,PASS,28.02,type_text,completed,1,completed,1
X1,design,extraction,"Go to wikipedia.org, search for 'Alan Turing' and extract his birth year",https://en.wikipedia.org/wiki/Alan_Turing,1,answer states 1912,completed,completed,1,PASS,30.31,complete,completed,1,completed,1
X2,design,extraction,"Go to wikipedia.org, search for 'Alan Turing' and extract his birth year",https://en.wikipedia.org/wiki/Alan_Turing,0,no answer produced,completed,rejected,0,"FAIL — task_completed: expected=True, observed=False; information_extracted: expected=True, observed=False; premature_completion_prevented: expected=False, obse",27.1,complete,rejected,0,rejected,0
X3,design,extraction,"Go to wikipedia.org, search for 'Alan Turing' and extract his birth year",https://en.wikipedia.org/wiki/Alan_Turing,0,answer restates a navigation step,completed,rejected,0,"FAIL — task_completed: expected=True, observed=False; information_extracted: expected=True, observed=False; premature_completion_prevented: expected=False, obse",24.17,complete,rejected,0,rejected,0
X4,design,extraction,"Go to wikipedia.org, search for 'Alan Turing' and extract his birth year",https://en.wikipedia.org/wiki/Alan_Turing,0,long answer lacking the year,completed,rejected,0,"FAIL — task_completed: expected=True, observed=False; information_extracted: expected=True, observed=False; premature_completion_prevented: expected=False, obse",25.95,complete,rejected,0,rejected,0
X5,design,extraction,"Go to wikipedia.org, search for 'Alan Turing' and extract his birth year",https://en.wikipedia.org/wiki/Alan_Turing,1,structured extraction contains 1912,completed,completed,1,PASS,29.18,complete,completed,1,completed,1
X6,design,extraction,"Go to wikipedia.org, search for 'Alan Turing' and extract his birth year",https://en.wikipedia.org/wiki/Alan_Turing,1,short but correct answer,completed,rejected,0,"FAIL — task_completed: expected=True, observed=False; information_extracted: expected=True, observed=False; premature_completion_prevented: expected=False, obse",24.9,complete,rejected,0,rejected,0
X7,design,extraction,"Go to wikipedia.org, search for 'Alan Turing' and extract his birth year",https://www.google.com/,0,never left the search home page,completed,rejected,0,"FAIL — task_completed: expected=True, observed=False; premature_completion_prevented: expected=False, observed=True",26.33,complete,rejected,0,rejected,0
P1,design,multi_step,"Go to github.com, then open the Explore page",https://github.com/,0,second step pending,completed,rejected,0,"FAIL — task_completed: expected=True, observed=False; remaining_steps: expected=0, observed=1",26.77,complete,rejected,0,rejected,0
P2,design,multi_step,"Go to github.com, then open the Explore page",https://github.com/explore,1,both steps done,completed,completed,1,PASS,28.33,click,completed,1,completed,1
P3,design,multi_step,"Go to github.com, then open the Explore page",https://github.com/,0,click dispatched on the wrong element; step marked completed on dispatch,completed,completed,1,PASS,25.42,click,completed,1,completed,1
P4,design,multi_step,"Go to wikipedia.org, then open the Alan Turing article",https://en.wikipedia.org/wiki/Alan_Turing,1,both steps done,completed,completed,1,PASS,24.91,click,completed,1,completed,1
C5,design,captcha,Open the Wikipedia article on Robot,https://en.wikipedia.org/wiki/Robot,1,ordinary article whose title contains 'robot',completed,completed,1,PASS,28.59,complete,completed,1,completed,1
C6,design,captcha,Go to https://accounts.example.com/login,https://accounts.example.com/login,1,"login page with an invisible reCAPTCHA iframe, no challenge shown",completed,completed,1,PASS,30.49,complete,completed,1,completed,1
N8,design,navigation,Open the pricing page on example.com,https://example.com/,0,still on the home page; goal wording triggers no conjunct,completed,completed,1,PASS,27.19,complete,completed,1,completed,1
H1,held_out,search,Search Google for Ada Lovelace,https://www.google.com/search?q=Charles+Babbage,0,"results for another, unquoted query",completed,completed,1,PASS,29.49,type_text,completed,1,completed,1
H2,held_out,search,Search Bing for 'quantum computing',https://www.bing.com/search?q=quantum+computing,1,results for requested query,completed,completed,1,PASS,25.61,type_text,completed,1,completed,1
H3,held_out,navigation,Go to https://example.com/archive,https://example.com/archive,0,error title without 'not found',completed,completed,1,PASS,24.47,complete,completed,1,completed,1
H4,held_out,navigation,Go to https://github.com/acme/missing,https://github.com/acme/missing,0,GitHub 404 page,completed,rejected,0,"FAIL — task_completed: expected=True, observed=False; has_error_state: expected=False, observed=True",25.43,complete,rejected,0,rejected,0
H5,held_out,navigation,Go to https://docs.example.com/guide,https://docs.example.com/guide,1,requested page is open,completed,completed,1,PASS,25.66,complete,completed,1,completed,1
H6,held_out,captcha,Go to https://store.example.com,https://store.example.com/,0,security-check interstitial,completed,blocked,0,Bot verification phrase detected: 'security check',4.86,complete,blocked,0,blocked,0
H7,held_out,captcha,Open the Wikipedia article on CAPTCHA,https://en.wikipedia.org/wiki/CAPTCHA,1,article about CAPTCHAs,completed,blocked,0,CAPTCHA URL detected (https://en.wikipedia.org/wiki/CAPTCHA),0.0,complete,blocked,0,blocked,0
H8,held_out,text_entry,Open https://notes.example.com and type hello world into the box,https://notes.example.com/,1,requested text present,completed,completed,1,PASS,27.41,type_text,completed,1,completed,1
H9,held_out,text_entry,Go to https://notes.example.com and enter exactly: 'Room 4B',https://notes.example.com/,1,exact text with surrounding spaces,completed,completed,1,PASS,26.87,type_text,completed,1,completed,1
H10,held_out,extraction,Go to wikipedia.org and extract the population of Paris,https://en.wikipedia.org/wiki/Paris,1,answer states the population,completed,completed,1,PASS,28.67,complete,completed,1,completed,1
H11,held_out,extraction,Go to wikipedia.org and extract the population of Paris,https://en.wikipedia.org/wiki/Paris,0,answer gives another city's population,completed,completed,1,PASS,25.01,complete,completed,1,completed,1
H12,held_out,multi_step,"Go to github.com, then open the Explore page",https://github.com/explore,1,both steps done,completed,completed,1,PASS,26.03,click,completed,1,completed,1
G1,held_out_2,search,Look up 'solar eclipse 2026' on Google,https://www.google.com/search?q=solar+eclipse+2026,1,results for the requested query,completed,completed,1,PASS,25.18,type_text,completed,1,completed,1
G2,held_out_2,search,Find 'best hiking boots' using Bing,https://www.bing.com/,0,"home page, nothing searched",completed,rejected,0,"FAIL — task_completed: expected=True, observed=False; premature_completion_prevented: expected=False, observed=True",26.07,type_text,rejected,0,rejected,0
G3,held_out_2,search,Use DuckDuckGo to search for 'python asyncio tutorial',https://duckduckgo.com/?q=python+asyncio+tutorial,1,results for the requested query,completed,completed,1,PASS,24.56,type_text,completed,1,completed,1
G4,held_out_2,search,Google 'cheap flights to Lisbon',https://www.google.com/search?q=cheap+flights+to+Madrid,0,results for a different destination,completed,completed,1,PASS,26.0,type_text,completed,1,completed,1
G5,held_out_2,search,Search for 'weather in Chennai',https://www.google.com/search?q=weather+in+Chennai,1,results for the requested query,completed,completed,1,PASS,29.03,type_text,completed,1,completed,1
G6,held_out_2,search,Search Google for 'electric cars' and show me the results,https://www.google.com/,0,query typed but not submitted,completed,rejected,0,"FAIL — task_completed: expected=True, observed=False; premature_completion_prevented: expected=False, observed=True",26.61,type_text,rejected,0,rejected,0
V1,held_out_2,navigation,Open https://www.python.org/downloads,https://www.python.org/downloads/,1,requested page is open,completed,completed,1,PASS,27.6,complete,completed,1,completed,1
V2,held_out_2,navigation,Go to https://news.example.org/today,https://news.example.org/today,1,requested page is open,completed,completed,1,PASS,23.74,complete,completed,1,completed,1
V3,held_out_2,navigation,Visit https://shop.example.net/cart,https://shop.example.net/cart,0,generic error page,completed,completed,1,PASS,25.25,complete,completed,1,completed,1
V4,held_out_2,navigation,Open https://docs.example.org/v2/install,https://docs.example.org/v1/,0,redirected to a different page,completed,completed,1,PASS,26.8,complete,completed,1,completed,1
V5,held_out_2,navigation,Take me to the contact page of example.org,https://example.org/contact,1,contact page is open,completed,completed,1,PASS,25.07,complete,completed,1,completed,1
V6,held_out_2,navigation,Open https://intranet.example.com/hr,https://intranet.example.com/sso/login?next=/hr,0,login wall,completed,rejected,0,"FAIL — task_completed: expected=True, observed=False; has_error_state: expected=False, observed=True",27.1,complete,rejected,0,rejected,0
V7,held_out_2,navigation,Go to https://example.com/blog,https://example.com/blog,0,HTTP 410,completed,completed,1,PASS,23.72,complete,completed,1,completed,1
V8,held_out_2,navigation,Open https://maps.example.com,https://maps.example.com/,1,requested page is open,completed,completed,1,PASS,26.88,complete,completed,1,completed,1
B1,held_out_2,captcha,Go to https://tickets.example.com,https://tickets.example.com/,0,press-and-hold human check,completed,completed,1,PASS,25.32,complete,completed,1,completed,1
B2,held_out_2,captcha,Open https://en.wikipedia.org/wiki/Turing_test,https://en.wikipedia.org/wiki/Turing_test,1,article about the topic,completed,completed,1,PASS,24.95,complete,completed,1,completed,1
B3,held_out_2,captcha,Go to https://search.example.com/?q=news,https://search.example.com/?q=news,0,text CAPTCHA,completed,blocked,0,CAPTCHA page title detected: 'are you a robot?',1.58,complete,blocked,0,blocked,0
B4,held_out_2,captcha,Open https://www.example.com/security,https://www.example.com/security,1,page only mentions reCAPTCHA,completed,blocked,0,Bot verification phrase detected: 'recaptcha',5.06,complete,blocked,0,blocked,0
B5,held_out_2,captcha,Go to https://forum.example.org,https://forum.example.org/,0,visible hCaptcha challenge,completed,blocked,0,CAPTCHA challenge element detected: 'iframe[src*='captcha']',13.36,complete,blocked,0,blocked,0
B6,held_out_2,captcha,Go to https://www.google.com/search?q=weather,https://www.google.com/sorry/index?continue=x,0,Google bot challenge,completed,blocked,0,Google bot challenge /sorry/ page detected,0.0,complete,blocked,0,blocked,0
E1,held_out_2,text_entry,Go to https://notes.example.com and type 'Buy milk' into the note,https://notes.example.com/,1,text present,completed,completed,1,PASS,26.83,type_text,completed,1,completed,1
E2,held_out_2,text_entry,Go to https://notes.example.com and write 'Call Anna at 5' in the text box,https://notes.example.com/,0,field empty,completed,completed,1,PASS,25.72,type_text,completed,1,completed,1
E3,held_out_2,text_entry,"In https://mail.example.com, put 'Quarterly report' in the subject line",https://mail.example.com/compose,1,subject filled,completed,completed,1,PASS,26.41,type_text,completed,1,completed,1
E4,held_out_2,text_entry,Go to https://notes.example.com and enter exactly: 'Order #4471',https://notes.example.com/,0,digits transposed,completed,rejected,0,"FAIL — task_completed: expected=True, observed=False; text_verified: expected=Order #4471, observed=Order #4417; premature_completion_prevented: expected=False,",27.65,type_text,rejected,0,rejected,0
E5,held_out_2,text_entry,Fill the search box on https://shop.example.com with 'red shoes',https://shop.example.com/,0,only part of the text,completed,completed,1,PASS,25.73,type_text,completed,1,completed,1
E6,held_out_2,text_entry,Go to https://forms.example.com and type 'Priya Raman' as the name,https://forms.example.com/,1,name filled,completed,completed,1,PASS,27.11,type_text,completed,1,completed,1
Xa,held_out_2,extraction,Go to wikipedia.org and tell me how tall Mount Everest is,https://en.wikipedia.org/wiki/Mount_Everest,1,answer gives the height,completed,completed,1,PASS,27.21,complete,completed,1,completed,1
Xb,held_out_2,extraction,Go to wikipedia.org and tell me how tall Mount Everest is,https://en.wikipedia.org/wiki/Mount_Everest,0,answer lacks the height,completed,completed,1,PASS,27.27,complete,completed,1,completed,1
Xc,held_out_2,extraction,What year did the Berlin Wall fall? Use Wikipedia.,https://en.wikipedia.org/wiki/Berlin_Wall,1,correct year,completed,completed,1,PASS,27.32,complete,completed,1,completed,1
Xd,held_out_2,extraction,What year did the Berlin Wall fall? Use Wikipedia.,https://en.wikipedia.org/wiki/Berlin_Wall,0,wrong year,completed,completed,1,PASS,27.72,complete,completed,1,completed,1
Xe,held_out_2,extraction,Find the capital of Australia on Wikipedia,https://en.wikipedia.org/wiki/Australia,0,wrong city,completed,completed,1,PASS,25.54,complete,completed,1,completed,1
Xf,held_out_2,extraction,Find the capital of Australia on Wikipedia,https://en.wikipedia.org/wiki/Australia,1,correct city,completed,completed,1,PASS,25.12,complete,completed,1,completed,1
Xg,held_out_2,extraction,Go to wikipedia.org and extract the boiling point of water,https://en.wikipedia.org/wiki/Water,1,structured extraction has the value,completed,completed,1,PASS,26.84,complete,completed,1,completed,1
Xh,held_out_2,extraction,Get me the opening hours from https://library.example.org,https://library.example.org/hours,0,no answer produced,completed,completed,1,PASS,24.57,complete,completed,1,completed,1
Xi,held_out_2,extraction,Look up how many moons Mars has on Wikipedia,https://en.wikipedia.org/wiki/Mars,1,correct count,completed,completed,1,PASS,24.06,complete,completed,1,completed,1
Xj,held_out_2,extraction,Extract the population of Tokyo from Wikipedia,https://en.wikipedia.org/wiki/Tokyo,0,answer lacks the population,completed,completed,1,PASS,24.23,complete,completed,1,completed,1
M1,held_out_2,multi_step,"Go to github.com, then open the Pricing page",https://github.com/pricing,1,both steps done,completed,completed,1,PASS,23.48,click,completed,1,completed,1
M2,held_out_2,multi_step,Go to python.org and then open the Downloads page,https://www.python.org/,0,second step pending,completed,rejected,0,"FAIL — task_completed: expected=True, observed=False; remaining_steps: expected=0, observed=1",25.44,complete,rejected,0,rejected,0
M3,held_out_2,multi_step,"Open example.com, click About, then click Team",https://example.com/about,0,third step pending,completed,rejected,0,"FAIL — task_completed: expected=True, observed=False; remaining_steps: expected=0, observed=1",25.31,complete,rejected,0,rejected,0
M4,held_out_2,multi_step,"Go to wikipedia.org, search for 'Ada Lovelace' and open her article",https://en.wikipedia.org/wiki/Ada_Lovelace,1,all steps done,completed,completed,1,PASS,27.98,click,completed,1,completed,1
M5,held_out_2,multi_step,"Go to shop.example.com, open Laptops, then add the first laptop to the cart",https://shop.example.com/laptops,0,add-to-cart click dispatched but nothing was added,completed,completed,1,PASS,25.07,click,completed,1,completed,1
M6,held_out_2,multi_step,"Go to news.example.org and open the Sports section, then the first article",https://news.example.org/sports/article-1,1,all steps done,completed,completed,1,PASS,23.83,click,completed,1,completed,1
