subset,rule,n_cases,n_oracle_true,n_oracle_false,reported_complete,false_completions,FCR,false_rejections,false_rejection_rate
all,dispatch_only,38,15,23,38,23,0.605,0,0.0
all,component,38,15,23,17,3,0.176,1,0.067
all,live_empty,38,15,23,17,3,0.176,1,0.067
all,live_verbose,38,15,23,17,3,0.176,1,0.067
search,dispatch_only,7,3,4,7,4,0.571,0,0.0
search,component,7,3,4,3,0,0.0,0,0.0
search,live_empty,7,3,4,3,0,0.0,0,0.0
search,live_verbose,7,3,4,3,0,0.0,0,0.0
navigation,dispatch_only,8,2,6,8,6,0.75,0,0.0
navigation,component,8,2,6,3,1,0.333,0,0.0
navigation,live_empty,8,2,6,3,1,0.333,0,0.0
navigation,live_verbose,8,2,6,3,1,0.333,0,0.0
captcha,dispatch_only,6,2,4,6,4,0.667,0,0.0
captcha,component,6,2,4,3,1,0.333,0,0.0
captcha,live_empty,6,2,4,3,1,0.333,0,0.0
captcha,live_verbose,6,2,4,3,1,0.333,0,0.0
text_entry,dispatch_only,6,3,3,6,3,0.5,0,0.0
text_entry,component,6,3,3,3,0,0.0,0,0.0
text_entry,live_empty,6,3,3,3,0,0.0,0,0.0
text_entry,live_verbose,6,3,3,3,0,0.0,0,0.0
extraction,dispatch_only,7,3,4,7,4,0.571,0,0.0
extraction,component,7,3,4,2,0,0.0,1,0.333
extraction,live_empty,7,3,4,2,0,0.0,1,0.333
extraction,live_verbose,7,3,4,2,0,0.0,1,0.333
multi_step,dispatch_only,4,2,2,4,2,0.5,0,0.0
multi_step,component,4,2,2,3,1,0.333,0,0.0
multi_step,live_empty,4,2,2,3,1,0.333,0,0.0
multi_step,live_verbose,4,2,2,3,1,0.333,0,0.0
held_out,dispatch_only,12,7,5,12,5,0.417,0,0.0
held_out,component,12,7,5,9,3,0.333,1,0.143
held_out,live_empty,12,7,5,9,3,0.333,1,0.143
held_out,live_verbose,12,7,5,9,3,0.333,1,0.143
held_out_2,dispatch_only,42,20,22,42,22,0.524,0,0.0
held_out_2,component,42,20,22,32,13,0.406,1,0.05
held_out_2,live_empty,42,20,22,32,13,0.406,1,0.05
held_out_2,live_verbose,42,20,22,32,13,0.406,1,0.05
held_out_2:search,dispatch_only,6,3,3,6,3,0.5,0,0.0
held_out_2:search,component,6,3,3,4,1,0.25,0,0.0
held_out_2:search,live_empty,6,3,3,4,1,0.25,0,0.0
held_out_2:search,live_verbose,6,3,3,4,1,0.25,0,0.0
held_out_2:navigation,dispatch_only,8,4,4,8,4,0.5,0,0.0
held_out_2:navigation,component,8,4,4,7,3,0.429,0,0.0
held_out_2:navigation,live_empty,8,4,4,7,3,0.429,0,0.0
held_out_2:navigation,live_verbose,8,4,4,7,3,0.429,0,0.0
held_out_2:captcha,dispatch_only,6,2,4,6,4,0.667,0,0.0
held_out_2:captcha,component,6,2,4,2,1,0.5,1,0.5
held_out_2:captcha,live_empty,6,2,4,2,1,0.5,1,0.5
held_out_2:captcha,live_verbose,6,2,4,2,1,0.5,1,0.5
held_out_2:text_entry,dispatch_only,6,3,3,6,3,0.5,0,0.0
held_out_2:text_entry,component,6,3,3,5,2,0.4,0,0.0
held_out_2:text_entry,live_empty,6,3,3,5,2,0.4,0,0.0
held_out_2:text_entry,live_verbose,6,3,3,5,2,0.4,0,0.0
held_out_2:extraction,dispatch_only,10,5,5,10,5,0.5,0,0.0
held_out_2:extraction,component,10,5,5,10,5,0.5,0,0.0
held_out_2:extraction,live_empty,10,5,5,10,5,0.5,0,0.0
held_out_2:extraction,live_verbose,10,5,5,10,5,0.5,0,0.0
held_out_2:multi_step,dispatch_only,6,3,3,6,3,0.5,0,0.0
held_out_2:multi_step,component,6,3,3,4,1,0.25,0,0.0
held_out_2:multi_step,live_empty,6,3,3,4,1,0.25,0,0.0
held_out_2:multi_step,live_verbose,6,3,3,4,1,0.25,0,0.0
