case,split,category,oracle_satisfied,without_none,without_E,without_H,without_Q,without_T,without_X,without_R,without_B
S1,design,search,0,0,0,1,0,0,0,0,0
S2,design,search,0,0,0,1,0,0,0,0,0
S3,design,search,0,0,0,1,0,0,0,0,0
S4,design,search,1,1,1,1,1,1,1,1,1
S5,design,search,1,1,1,1,1,1,1,1,1
S6,design,search,1,1,1,1,1,1,1,1,1
S7,design,search,0,0,0,0,1,0,0,0,0
N1,design,navigation,1,1,1,1,1,1,1,1,1
N2,design,navigation,1,1,1,1,1,1,1,1,1
N3,design,navigation,0,0,1,0,0,0,0,0,0
N4,design,navigation,0,0,1,0,0,0,0,0,0
N5,design,navigation,0,0,1,0,0,0,0,0,0
N6,design,navigation,0,0,1,0,0,0,0,0,0
N7,design,navigation,0,0,1,0,0,0,0,0,0
C1,design,captcha,0,0,0,0,0,0,0,0,0
C2,design,captcha,0,0,0,0,0,0,0,0,1
C3,design,captcha,0,0,0,0,0,0,0,0,1
C4,design,captcha,0,1,1,1,1,1,1,1,1
T1,design,text_entry,1,1,1,1,1,1,1,1,1
T2,design,text_entry,0,0,0,0,0,1,0,0,0
T3,design,text_entry,0,0,0,0,0,1,0,0,0
T4,design,text_entry,0,0,0,0,0,1,0,0,0
T5,design,text_entry,1,1,1,1,1,1,1,1,1
T6,design,text_entry,1,1,1,1,1,1,1,1,1
X1,design,extraction,1,1,1,1,1,1,1,1,1
X2,design,extraction,0,0,0,0,0,0,1,0,0
X3,design,extraction,0,0,0,0,0,0,1,0,0
X4,design,extraction,0,0,0,0,0,0,1,0,0
X5,design,extraction,1,1,1,1,1,1,1,1,1
X6,design,extraction,1,0,0,0,0,0,1,0,0
X7,design,extraction,0,0,0,1,0,0,0,0,0
P1,design,multi_step,0,0,0,0,0,0,0,1,0
P2,design,multi_step,1,1,1,1,1,1,1,1,1
P3,design,multi_step,0,1,1,1,1,1,1,1,1
P4,design,multi_step,1,1,1,1,1,1,1,1,1
C5,design,captcha,1,1,1,1,1,1,1,1,1
C6,design,captcha,1,1,1,1,1,1,1,1,1
N8,design,navigation,0,1,1,1,1,1,1,1,1
H1,held_out,search,0,1,1,1,1,1,1,1,1
H2,held_out,search,1,1,1,1,1,1,1,1,1
H3,held_out,navigation,0,1,1,1,1,1,1,1,1
H4,held_out,navigation,0,0,1,0,0,0,0,0,0
H5,held_out,navigation,1,1,1,1,1,1,1,1,1
H6,held_out,captcha,0,0,0,0,0,0,0,0,1
H7,held_out,captcha,1,0,0,0,0,0,0,0,1
H8,held_out,text_entry,1,1,1,1,1,1,1,1,1
H9,held_out,text_entry,1,1,1,1,1,1,1,1,1
H10,held_out,extraction,1,1,1,1,1,1,1,1,1
H11,held_out,extraction,0,1,1,1,1,1,1,1,1
H12,held_out,multi_step,1,1,1,1,1,1,1,1,1
G1,held_out_2,search,1,1,1,1,1,1,1,1,1
G2,held_out_2,search,0,0,0,1,0,0,0,0,0
G3,held_out_2,search,1,1,1,1,1,1,1,1,1
G4,held_out_2,search,0,1,1,1,1,1,1,1,1
G5,held_out_2,search,1,1,1,1,1,1,1,1,1
G6,held_out_2,search,0,0,0,1,0,0,0,0,0
V1,held_out_2,navigation,1,1,1,1,1,1,1,1,1
V2,held_out_2,navigation,1,1,1,1,1,1,1,1,1
V3,held_out_2,navigation,0,1,1,1,1,1,1,1,1
V4,held_out_2,navigation,0,1,1,1,1,1,1,1,1
V5,held_out_2,navigation,1,1,1,1,1,1,1,1,1
V6,held_out_2,navigation,0,0,1,0,0,0,0,0,0
V7,held_out_2,navigation,0,1,1,1,1,1,1,1,1
V8,held_out_2,navigation,1,1,1,1,1,1,1,1,1
B1,held_out_2,captcha,0,1,1,1,1,1,1,1,1
B2,held_out_2,captcha,1,1,1,1,1,1,1,1,1
B3,held_out_2,captcha,0,0,0,0,0,0,0,0,1
B4,held_out_2,captcha,1,0,0,0,0,0,0,0,1
B5,held_out_2,captcha,0,0,0,0,0,0,0,0,1
B6,held_out_2,captcha,0,0,0,0,0,0,0,0,0
E1,held_out_2,text_entry,1,1,1,1,1,1,1,1,1
E2,held_out_2,text_entry,0,1,1,1,1,1,1,1,1
E3,held_out_2,text_entry,1,1,1,1,1,1,1,1,1
E4,held_out_2,text_entry,0,0,0,0,0,1,0,0,0
E5,held_out_2,text_entry,0,1,1,1,1,1,1,1,1
E6,held_out_2,text_entry,1,1,1,1,1,1,1,1,1
Xa,held_out_2,extraction,1,1,1,1,1,1,1,1,1
Xb,held_out_2,extraction,0,1,1,1,1,1,1,1,1
Xc,held_out_2,extraction,1,1,1,1,1,1,1,1,1
Xd,held_out_2,extraction,0,1,1,1,1,1,1,1,1
Xe,held_out_2,extraction,0,1,1,1,1,1,1,1,1
Xf,held_out_2,extraction,1,1,1,1,1,1,1,1,1
Xg,held_out_2,extraction,1,1,1,1,1,1,1,1,1
Xh,held_out_2,extraction,0,1,1,1,1,1,1,1,1
Xi,held_out_2,extraction,1,1,1,1,1,1,1,1,1
Xj,held_out_2,extraction,0,1,1,1,1,1,1,1,1
M1,held_out_2,multi_step,1,1,1,1,1,1,1,1,1
M2,held_out_2,multi_step,0,0,0,0,0,0,0,1,0
M3,held_out_2,multi_step,0,0,0,0,0,0,0,1,0
M4,held_out_2,multi_step,1,1,1,1,1,1,1,1,1
M5,held_out_2,multi_step,0,1,1,1,1,1,1,1,1
M6,held_out_2,multi_step,1,1,1,1,1,1,1,1,1
